Date,Pred,Close
09-06-08,25.944286,25.944286
10-06-08,25.82053888,26.52
11-06-08,25.61923692,25.83
12-06-08,25.46649622,24.751429
13-06-08,25.57223633,24.624287
16-06-08,25.62922524,25.262857
17-06-08,25.29101765,25.918571
18-06-08,24.81709832,25.535715
19-06-08,24.72762763,25.842857
20-06-08,24.84779898,25.038572
23-06-08,24.83822244,24.737143
24-06-08,24.63956342,24.75
25-06-08,24.41052171,25.341429
26-06-08,24.22114973,24.037144
27-06-08,24.27970325,24.298571
30-06-08,24.29657134,23.92
01-07-08,24.09798231,24.954287
02-07-08,23.72400365,24.025715
03-07-08,23.63117135,24.302856
07-07-08,23.71971471,25.022858
08-07-08,23.51981982,25.65
09-07-08,23.08799902,24.892857
10-07-08,22.98369259,25.232857
11-07-08,23.09876955,24.654285
14-07-08,23.08211744,24.84
15-07-08,22.81589284,24.234285
16-07-08,22.63307392,24.687143
17-07-08,22.57900272,24.544285
18-07-08,22.51452447,23.592857
21-07-08,22.48478527,23.755714
22-07-08,22.38084476,23.145714
23-07-08,22.26302827,23.751429
24-07-08,22.08931193,22.718571
25-07-08,22.04763568,23.16
28-07-08,21.99644492,22.057142
29-07-08,21.9555488,22.440001
30-07-08,21.82376416,22.84
31-07-08,21.5682312,22.707144
01-08-08,21.41408881,22.379999
04-08-08,21.44120759,21.889999
05-08-08,21.47992973,22.948572
06-08-08,21.19466789,23.455715
07-08-08,20.79105296,23.367144
08-08-08,20.70237266,24.221428
11-08-08,20.7227371,24.794285
12-08-08,20.52176294,25.247143
13-08-08,20.20561025,25.614286
14-08-08,20.04120512,25.617144
15-08-08,20.05396163,25.105715
18-08-08,20.07830902,25.055714
19-08-08,19.94660958,24.790001
20-08-08,19.76149509,25.120001
21-08-08,19.62746853,24.898571
22-08-08,19.57931199,25.255714
25-08-08,19.48508025,24.65
26-08-08,19.38499025,24.805714
27-08-08,19.28569247,24.952858
28-08-08,19.15643592,24.82
29-08-08,19.04796484,24.218571
02-09-08,19.03143629,23.741428
03-09-08,19.03780907,23.851429
04-09-08,18.91278515,23.031429
05-09-08,18.80347486,22.882856
08-09-08,18.77355466,22.559999
09-09-08,18.74215261,21.668571
10-09-08,18.72423525,21.658571
11-09-08,18.64191241,21.807142
12-09-08,18.46671029,21.277143
15-09-08,18.3832975,20.051428
16-09-08,18.52048213,19.982857
17-09-08,18.55537564,18.261429
18-09-08,18.53978391,19.155714
19-09-08,18.3460987,20.129999
22-09-08,17.98122449,18.721428
23-09-08,17.99491197,18.120001
24-09-08,18.29641799,18.387142
25-09-08,18.23211515,18.847143
26-09-08,17.76323109,18.32
29-09-08,17.57263741,15.037143
30-09-08,18.23730076,16.237143
01-10-08,18.4834175,15.588572
02-10-08,17.90379421,14.3
03-10-08,17.65943941,13.867143
06-10-08,18.05117598,14.02
07-10-08,18.22575112,12.737143
08-10-08,18.04793102,12.827143
09-10-08,17.80913637,12.677143
10-10-08,17.7511136,13.828571
13-10-08,17.58121179,15.751429
14-10-08,17.04126027,14.868571
15-10-08,16.8677035,13.992857
16-10-08,17.28990435,14.555715
17-10-08,17.39038036,13.914286
20-10-08,17.01727236,14.062857
21-10-08,16.72101238,13.07
22-10-08,16.93381806,13.838572
23-10-08,17.03956107,14.032857
24-10-08,16.68100411,13.768572
27-10-08,16.39241128,13.155714
28-10-08,16.56508459,14.272857
29-10-08,16.57346179,14.935715
30-10-08,16.13132722,15.862857
31-10-08,15.69606445,15.37
03-11-08,15.77749704,15.28
04-11-08,16.05447353,15.855714
05-11-08,15.87335806,14.757143
06-11-08,15.59889278,14.157143
07-11-08,15.68600249,14.034286
10-11-08,15.85761339,13.697143
11-11-08,15.77532934,13.538571
12-11-08,15.54286766,12.874286
13-11-08,15.52830987,13.777143
14-11-08,15.48513085,12.891429
17-11-08,15.43299783,12.591429
18-11-08,15.43984022,12.844286
19-11-08,15.34061449,12.327143
20-11-08,15.2493932,11.498571
21-11-08,15.3579466,11.797143
24-11-08,15.35218017,13.278571
25-11-08,14.88342186,12.971429
26-11-08,14.57172919,13.571428
28-11-08,14.64437394,13.238571
01-12-08,14.79681344,12.704286
02-12-08,14.7726126,13.21
03-12-08,14.4927745,13.7
04-12-08,14.20943377,13.058572
05-12-08,14.28106217,13.428572
08-12-08,14.39541241,14.245714
09-12-08,14.12285138,14.294286
10-12-08,13.78846081,14.03
11-12-08,13.81435393,13.571428
12-12-08,14.04659505,14.038571
15-12-08,13.9499489,13.535714
16-12-08,13.67245229,13.632857
17-12-08,13.57211409,12.737143
18-12-08,13.76319233,12.775714
19-12-08,13.84186624,12.857142
22-12-08,13.59386949,12.248571
23-12-08,13.43618205,12.34
24-12-08,13.49645483,12.148571
26-12-08,13.55050338,12.258572
29-12-08,13.40945014,12.372857
30-12-08,13.19674665,12.327143
31-12-08,13.13388428,12.192857
02-01-09,13.19469697,12.964286
05-01-09,13.05740968,13.511429
06-01-09,12.74758835,13.288571
07-01-09,12.6531631,13.001429
08-01-09,12.80937161,13.242857
09-01-09,12.81345571,12.94
12-01-09,12.665714,12.665714
13-01-09,12.72028279,12.53
14-01-09,12.77112923,12.19
15-01-09,12.83604814,11.911428
16-01-09,12.92191279,11.761429
20-01-09,12.98471502,11.171429
21-01-09,13.01050136,11.832857
22-01-09,13.14074339,12.622857
23-01-09,13.17238077,12.622857
26-01-09,13.10948167,12.805715
27-01-09,13.23072239,12.961429
28-01-09,13.37532408,13.457143
29-01-09,13.35243192,13.285714
30-01-09,13.31726014,12.875714
02-02-09,13.47682748,13.072857
03-02-09,13.62577084,13.282857
04-02-09,13.5574643,13.364285
05-02-09,13.55882534,13.78
06-02-09,13.76274728,14.245714
09-02-09,13.82827086,14.644286
10-02-09,13.73711638,13.975715
11-02-09,13.79754622,13.831429
12-02-09,14.02747077,14.181429
13-02-09,14.05509824,14.165714
17-02-09,13.94711565,13.504286
18-02-09,14.06800174,13.481428
19-02-09,14.30150538,12.948571
20-02-09,14.23834287,13.028571
23-02-09,14.19558195,12.421429
24-02-09,14.38287567,12.892858
25-02-09,14.55207619,13.022857
26-02-09,14.44672189,12.741428
27-02-09,14.43981222,12.758572
02-03-09,14.69583469,12.562857
03-03-09,14.76273318,12.624286
04-03-09,14.64711509,13.024285
05-03-09,14.77059059,12.691428
06-03-09,14.96419171,12.185715
09-03-09,14.9243614,11.872857
10-03-09,14.89873098,12.661428
11-03-09,15.13174,13.24
12-03-09,15.22966554,13.764286
13-03-09,15.12056567,13.704286
16-03-09,15.18605778,13.631429
17-03-09,15.42059307,14.237143
18-03-09,15.46078128,14.502857
19-03-09,15.36152603,14.517143
20-03-09,15.49400758,14.512857
23-03-09,15.70296509,15.38
24-03-09,15.69284725,15.214286
25-03-09,15.6165514,15.212857
26-03-09,15.80444695,15.695714
27-03-09,15.99478328,15.264286
30-03-09,15.88295631,14.927143
31-03-09,15.8822235,15.017143
01-04-09,16.15764388,15.527143
02-04-09,16.25017823,16.101429
03-04-09,16.11731577,16.57
06-04-09,16.22568283,16.921429
07-04-09,16.48466449,16.428572
08-04-09,16.4380841,16.617144
09-04-09,16.37298848,17.081429
13-04-09,16.60841551,17.174286
14-04-09,16.75957122,16.901428
15-04-09,16.63423659,16.805714
16-04-09,16.68618592,17.35
17-04-09,16.97669395,17.631428
20-04-09,17.00386196,17.214285
21-04-09,16.85618281,17.394285
22-04-09,17.04946501,17.358572
23-04-09,17.30087629,17.914286
24-04-09,17.22098538,17.700001
27-04-09,17.14865102,17.818571
28-04-09,17.42246472,17.700001
29-04-09,17.57744234,17.877142
30-04-09,17.43821157,17.975714
01-05-09,17.49683499,18.177143
04-05-09,17.79282262,18.867144
05-05-09,17.83929887,18.95857
06-05-09,17.69905063,18.928572
07-05-09,17.86428838,18.437143
08-05-09,18.11309414,18.455715
11-05-09,18.05795578,18.51
12-05-09,18.00559036,17.774286
13-05-09,18.22465852,17.07
14-05-09,18.37415341,17.564285
15-05-09,18.31820807,17.488571
18-05-09,18.35546983,18.092857
19-05-09,18.60104691,18.207144
20-05-09,18.66813768,17.981428
21-05-09,18.57654782,17.74
22-05-09,18.71200359,17.5
26-05-09,18.93953733,18.682858
27-05-09,18.96649971,19.007143
28-05-09,18.91360944,19.295713
29-05-09,19.09235647,19.401428
01-06-09,19.27832539,19.907143
02-06-09,19.2481386,19.927143
03-06-09,19.25496571,20.135714
04-06-09,19.47688506,20.534286
05-06-09,19.60488672,20.667143
08-06-09,19.53664511,20.549999
09-06-09,19.61470267,20.388571
10-06-09,19.84613894,20.035715
11-06-09,19.88224629,19.992857
12-06-09,19.83684679,19.567142
15-06-09,19.99285349,19.441429
16-06-09,20.18636692,19.478571
17-06-09,20.17204905,19.368572
18-06-09,20.17585524,19.411428
19-06-09,20.38780583,19.925714
22-06-09,20.53775736,19.624287
23-06-09,20.46554758,19.144285
24-06-09,20.52231301,19.459999
25-06-09,20.79356122,19.98
26-06-09,20.87454402,20.348572
29-06-09,20.79144405,20.281429
30-06-09,20.93195812,20.347143
01-07-09,21.18003972,20.404285
02-07-09,21.17312862,20.002857
06-07-09,21.11912907,19.801428
07-07-09,21.34325571,19.342857
08-07-09,21.52289499,19.602858
09-07-09,21.468775,19.48
10-07-09,21.50794116,19.788572
13-07-09,21.77248074,20.334286
14-07-09,21.88462335,20.324286
15-07-09,21.79497918,20.982857
16-07-09,21.94637462,21.074286
17-07-09,22.2028139,21.678572
20-07-09,22.21197912,21.844286
21-07-09,22.17104047,21.644285
22-07-09,22.38110829,22.391428
23-07-09,22.60593161,22.545713
24-07-09,22.54842652,22.855715
27-07-09,22.57065269,22.871429
28-07-09,22.83928757,22.857143
29-07-09,22.95890815,22.861429
30-07-09,22.87830209,23.255714
31-07-09,23.01928263,23.341429
03-08-09,23.28255085,23.775715
04-08-09,23.30381754,23.65
05-08-09,23.25440299,23.587143
06-08-09,23.47248966,23.415714
07-08-09,23.68014103,23.644285
10-08-09,23.63924654,23.531429
11-08-09,23.66891728,23.261429
12-08-09,23.92209942,23.615715
13-08-09,24.06435464,24.059999
14-08-09,24.01626853,23.825714
17-08-09,22.798571,22.798571
18-08-09,22.85108017,23.428572
19-08-09,22.87621097,23.514286
20-08-09,22.97977737,23.761429
21-08-09,22.97016501,24.174286
24-08-09,23.07341241,24.151428
25-08-09,23.11566446,24.200001
26-08-09,23.13774078,23.915714
27-08-09,23.25807071,24.207144
28-08-09,23.21435686,24.292856
31-08-09,23.37341831,24.030001
01-09-09,23.35005037,23.614286
02-09-09,23.41833626,23.597143
03-09-09,23.49449051,23.792856
04-09-09,23.49411164,24.33
08-09-09,23.62212455,24.704287
09-09-09,23.63512956,24.448572
10-09-09,23.70747687,24.651428
11-09-09,23.7516662,24.594286
14-09-09,23.81600911,24.817142
15-09-09,23.8578394,25.022858
16-09-09,23.93651997,25.981428
17-09-09,23.9801279,26.364286
18-09-09,24.09509034,26.431429
21-09-09,24.0857933,26.288572
22-09-09,24.18999121,26.354286
23-09-09,24.21333976,26.5
24-09-09,24.27718154,26.26
25-09-09,24.35359057,26.052856
28-09-09,24.3443347,26.592857
29-09-09,24.4730938,26.482857
30-09-09,24.50538395,26.478571
01-10-09,24.51919393,25.837143
02-10-09,24.65487679,26.414286
05-10-09,24.57538953,26.574286
06-10-09,24.82155213,27.144285
07-10-09,24.71130544,27.178572
08-10-09,24.90064735,27.038572
09-10-09,24.89464066,27.209999
12-10-09,24.91589228,27.258572
13-10-09,25.10123014,27.145714
14-10-09,24.97993584,27.327143
15-10-09,25.19795264,27.222857
16-10-09,25.1694688,26.864286
19-10-09,25.19654271,27.122858
20-10-09,25.35739926,28.394285
21-10-09,25.31117701,29.274286
22-10-09,25.55111272,29.314285
23-10-09,25.47271364,29.134285
26-10-09,25.57738354,28.925714
27-10-09,25.66826831,28.195715
28-10-09,25.59647081,27.485714
29-10-09,25.76438836,28.049999
30-10-09,25.71567493,26.928572
02-11-09,25.86793312,27.044285
03-11-09,25.78083896,26.964285
04-11-09,25.99461859,27.258572
05-11-09,25.93290661,27.718571
06-11-09,26.07187558,27.762857
09-11-09,26.15075008,28.780001
10-11-09,26.12016378,28.997143
11-11-09,26.39373802,29.035715
12-11-09,26.2022182,28.855715
13-11-09,26.46673522,29.207144
16-11-09,26.41791901,29.518572
17-11-09,26.49136225,29.571428
18-11-09,26.65633007,29.422857
19-11-09,26.52938968,28.644285
20-11-09,26.76748382,28.559999
23-11-09,26.64516981,29.411428
24-11-09,26.84239316,29.205715
25-11-09,26.9167956,29.17
27-11-09,26.80324869,28.655714
30-11-09,27.12253846,28.558571
01-12-09,26.87712353,28.138571
02-12-09,27.17542306,28.032858
03-12-09,27.09761033,28.068571
04-12-09,27.14869061,27.617144
07-12-09,27.35117962,26.992857
08-12-09,27.13435676,27.124287
09-12-09,27.46304643,28.257143
10-12-09,27.38491793,28.061428
11-12-09,27.51594324,27.809999
14-12-09,27.57284262,28.139999
15-12-09,27.55911084,27.738571
16-12-09,27.77017394,27.861429
17-12-09,27.62444327,27.408571
18-12-09,27.88616728,27.918571
21-12-09,27.78737166,28.318571
22-12-09,27.97819974,28.622858
23-12-09,28.02556234,28.871429
24-12-09,28.0218043,29.862858
28-12-09,28.2514251,30.23
29-12-09,28.19728768,29.871429
30-12-09,28.31682274,30.234285
31-12-09,28.37558046,30.104286
04-01-10,28.4204037,30.572857
05-01-10,28.51699095,30.625713
06-01-10,28.58506807,30.138571
07-01-10,28.60387703,30.082857
08-01-10,28.69413544,30.282858
11-01-10,28.7570069,30.015715
12-01-10,28.8093839,29.674286
13-01-10,28.86327571,30.092857
14-01-10,28.93472073,29.918571
15-01-10,29.0310329,29.418571
19-01-10,29.01018917,30.719999
20-01-10,29.16868137,30.247143
21-01-10,29.26714672,29.724285
22-01-10,29.13440081,28.25
25-01-10,29.41358574,29.01
26-01-10,29.19681465,29.42
27-01-10,29.60328855,29.697144
28-01-10,29.42172883,28.469999
29-01-10,29.56437025,27.437143
01-02-10,29.60105125,27.818571
02-02-10,29.54995928,27.98
03-02-10,29.87913003,28.461428
04-02-10,29.65183031,27.435715
05-02-10,29.97184626,27.922857
08-02-10,29.81299004,27.731428
09-02-10,30.05135395,28.027143
10-02-10,30.03958729,27.874287
11-02-10,30.09680989,28.381428
12-02-10,30.25279114,28.625713
16-02-10,30.23913748,29.057142
17-02-10,30.38911553,28.935715
18-02-10,30.43762725,28.99
19-02-10,30.44746836,28.809999
22-02-10,30.63060145,28.631428
23-02-10,30.54290236,28.151428
24-02-10,30.72826944,28.665714
25-02-10,30.7178901,28.857143
26-02-10,30.85976095,29.231428
01-03-10,30.91126429,29.855715
02-03-10,30.98973776,29.835714
03-03-10,31.11971228,29.904285
04-03-10,31.07931383,30.101429
05-03-10,31.28251374,31.278572
08-03-10,31.28297995,31.297142
09-03-10,31.44953066,31.860001
10-03-10,31.44101455,32.119999
11-03-10,31.60539049,32.214287
12-03-10,31.6217016,32.371429
15-03-10,31.70295117,31.977142
16-03-10,31.81337129,32.064285
17-03-10,31.77458557,32.017143
18-03-10,31.99527245,32.092857
19-03-10,31.92235273,31.75
22-03-10,32.08656057,32.107143
23-03-10,32.622856,32.622856
24-03-10,32.68680454,32.767143
25-03-10,32.75510656,32.378571
26-03-10,32.79996593,32.985714
29-03-10,32.86691927,33.19857
30-03-10,32.98918832,33.692856
31-03-10,33.07052077,33.57143
01-04-10,33.09481452,33.709999
05-04-10,33.14416559,34.07
06-04-10,33.27082105,34.220001
07-04-10,33.36210411,34.371429
08-04-10,33.37353435,34.278572
09-04-10,33.42376043,34.541428
12-04-10,33.54258096,34.612858
13-04-10,33.62601285,34.632858
14-04-10,33.63499333,35.098572
15-04-10,33.71332722,35.560001
16-04-10,33.88242893,35.342857
19-04-10,33.93013167,35.295715
20-04-10,33.87347788,34.941429
21-04-10,33.95321544,37.031429
22-04-10,34.20559758,38.067142
23-04-10,34.42987788,38.689999
26-04-10,34.38612268,38.5
27-04-10,34.35625786,37.434284
28-04-10,34.47417321,37.371429
29-04-10,34.52623382,38.377144
30-04-10,34.58394229,37.298573
03-05-10,34.68656392,38.049999
04-05-10,34.69496472,36.954285
05-05-10,34.73898768,36.57
06-05-10,34.74642899,35.17857
07-05-10,34.73197123,33.694286
10-05-10,34.65828449,36.284286
11-05-10,34.83018106,36.645714
12-05-10,35.26727792,37.441429
13-05-10,35.21805147,36.908573
14-05-10,34.98895438,36.259998
17-05-10,35.14344508,36.317142
18-05-10,35.4158452,36.05143
19-05-10,35.33668219,35.477142
20-05-10,35.17376574,33.965714
21-05-10,35.28528964,34.617142
24-05-10,35.44700406,35.251427
25-05-10,35.54644159,35.031429
26-05-10,35.55974479,34.872856
27-05-10,35.57061074,36.192856
28-05-10,35.75615543,36.697144
01-06-10,36.00897434,37.261429
02-06-10,35.99563426,37.707142
03-06-10,35.97490366,37.58857
04-06-10,36.17347544,36.565716
07-06-10,36.22605882,35.848572
08-06-10,36.02243029,35.618572
09-06-10,36.07381646,34.742859
10-06-10,36.33081595,35.787144
11-06-10,36.33632969,36.215714
14-06-10,36.36412695,36.325714
15-06-10,36.54918128,37.098572
16-06-10,36.68207521,38.17857
17-06-10,36.75765785,38.83857
18-06-10,36.9034473,39.152859
21-06-10,37.02756597,38.595715
22-06-10,37.00567842,39.121429
23-06-10,37.00924892,38.709999
24-06-10,37.20843027,38.42857
25-06-10,37.25205379,38.099998
28-06-10,37.14847947,38.328571
29-06-10,37.25575351,36.595715
30-06-10,37.40749937,35.932858
01-07-10,37.19427926,35.497143
02-07-10,37.14299817,35.277142
06-07-10,37.44986894,35.51857
07-07-10,37.5714737,36.952858
08-07-10,37.5040813,36.869999
09-07-10,37.70512878,37.08857
12-07-10,37.88125998,36.755714
13-07-10,37.79943315,35.971428
14-07-10,37.71202604,36.104286
15-07-10,37.88168635,35.921429
16-07-10,38.08580096,35.700001
19-07-10,37.9901835,35.082859
20-07-10,37.89895468,35.984287
21-07-10,38.14741932,36.32
22-07-10,38.46185018,37.002857
23-07-10,38.37893025,37.134285
26-07-10,38.32727906,37.040001
27-07-10,38.58295826,37.725716
28-07-10,38.76137223,37.279999
29-07-10,38.67516036,36.872856
30-07-10,38.59798689,36.75
02-08-10,38.79969646,37.407143
03-08-10,39.01160994,37.418571
04-08-10,38.99750322,37.568573
05-08-10,38.9576031,37.385715
06-08-10,39.14241761,37.155716
09-08-10,39.26186996,37.392857
10-08-10,39.19664367,37.058571
11-08-10,39.25747662,35.741428
12-08-10,39.34344465,35.970001
13-08-10,39.2765153,35.585712
16-08-10,39.36715893,35.377144
17-08-10,39.5095225,35.995716
18-08-10,39.55933199,36.152859
19-08-10,39.65248099,35.697144
20-08-10,39.73115917,35.662857
23-08-10,39.72121565,35.114285
24-08-10,39.76439867,34.275715
25-08-10,39.79815452,34.69857
26-08-10,39.826325,34.325714
27-08-10,39.97612354,34.517143
30-08-10,40.03840288,34.642857
31-08-10,40.06975295,34.728573
01-09-10,40.18349292,35.761429
02-09-10,40.36733775,36.024284
03-09-10,40.52636673,36.967144
07-09-10,40.56464711,36.830002
08-09-10,40.67124785,37.560001
09-09-10,40.80112149,37.581429
10-09-10,40.92209301,37.630001
13-09-10,40.93544109,38.148571
14-09-10,41.01475113,38.294285
15-09-10,41.22119505,38.602856
16-09-10,41.29813488,39.509998
17-09-10,41.33467853,39.33857
20-09-10,41.51517154,40.46143
21-09-10,41.65158438,40.53857
22-09-10,41.74733868,41.107143
23-09-10,41.80023289,41.274284
24-09-10,41.93733925,41.759998
27-09-10,42.06988096,41.594284
28-09-10,42.11907831,40.98
29-09-10,42.08926837,41.052856
30-09-10,42.14738762,40.535713
01-10-10,42.30991165,40.360001
04-10-10,42.31226143,39.805714
05-10-10,42.26447213,41.277142
06-10-10,42.46333306,41.312859
07-10-10,42.81742784,41.317142
08-10-10,42.7153359,42.009998
11-10-10,42.59987909,42.194286
12-10-10,42.99044976,42.648571
13-10-10,43.23897338,42.877144
14-10-10,43.03371794,43.187141
15-10-10,43.05039428,44.962856
18-10-10,43.56059908,45.42857
19-10-10,43.83444494,44.212856
20-10-10,43.42307165,44.361427
21-10-10,43.28988469,44.217144
22-10-10,43.90855984,43.924286
25-10-10,44.119999,44.119999
26-10-10,44.14643692,44.007141
27-10-10,44.16678242,43.975716
28-10-10,44.18930455,43.605713
29-10-10,44.2034753,42.997143
01-11-10,44.20061898,43.454285
02-11-10,44.24925669,44.194286
03-11-10,44.34139301,44.685715
04-11-10,44.37716505,45.467144
05-11-10,44.38048496,45.304287
08-11-10,44.40434676,45.517143
09-11-10,44.45794387,45.154285
10-11-10,44.4733129,45.432858
11-11-10,44.47747693,45.235714
12-11-10,44.51121367,44.004284
15-11-10,44.49998785,43.862858
16-11-10,44.48555268,43.084286
17-11-10,44.51021486,42.92857
18-11-10,44.54922788,44.061428
19-11-10,44.62269751,43.818573
22-11-10,44.65195489,44.765713
23-11-10,44.66720361,44.104286
24-11-10,44.68524569,44.971428
26-11-10,44.74274244,45
29-11-10,44.79952328,45.267143
30-11-10,44.80614239,44.450001
01-12-10,44.77411603,45.200001
02-12-10,44.83093034,45.450001
03-12-10,44.944264,45.348572
06-12-10,44.94013851,45.735714
07-12-10,44.89565693,45.458572
08-12-10,44.95188608,45.85857
09-12-10,45.05476783,45.68
10-12-10,45.05298513,45.794285
13-12-10,45.00439739,45.952858
14-12-10,45.06978252,45.755714
15-12-10,45.16382501,45.765713
16-12-10,45.14382305,45.892857
17-12-10,45.11058047,45.80143
20-12-10,45.18319073,46.029999
21-12-10,45.27281227,46.314285
22-12-10,45.27100688,46.451427
23-12-10,45.2507712,46.228573
27-12-10,45.30024212,46.382858
28-12-10,45.3703366,46.495716
29-12-10,45.38220238,46.470001
30-12-10,45.36834587,46.237144
31-12-10,45.39869419,46.080002
03-01-11,45.44925407,47.081429
04-01-11,45.50823002,47.327145
05-01-11,45.55403539,47.714287
06-01-11,45.57213839,47.675713
07-01-11,45.59088195,48.017143
10-01-11,45.63829415,48.921429
11-01-11,45.72026755,48.805714
12-01-11,45.7499984,49.202858
13-01-11,45.73388947,49.382858
14-01-11,45.7788478,49.782856
18-01-11,45.86861409,48.664288
19-01-11,45.84258695,48.405716
20-01-11,45.75913311,47.525715
21-01-11,45.79390187,46.674286
24-01-11,45.86008046,48.207142
25-01-11,45.91115986,48.771427
26-01-11,45.97702217,49.121429
27-01-11,46.01271222,49.029999
28-01-11,46.00885445,48.014286
31-01-11,45.98143799,48.474285
01-02-11,46.02143528,49.290001
02-02-11,46.15123133,49.188572
03-02-11,46.18705047,49.062859
04-02-11,46.10278522,49.5
07-02-11,46.13663669,50.26857
08-02-11,46.31937849,50.742859
09-02-11,46.38139085,51.165714
10-02-11,46.28717498,50.648571
11-02-11,46.27702379,50.978573
14-02-11,46.41804964,51.311428
15-02-11,46.50298536,51.414288
16-02-11,46.43136113,51.875713
17-02-11,46.42547182,51.185715
18-02-11,46.53914961,50.080002
22-02-11,46.52571678,48.372856
23-02-11,46.35600858,48.945713
24-02-11,46.38618887,48.982857
25-02-11,46.63020114,49.737144
28-02-11,46.67994859,50.458572
01-03-11,46.55035276,49.901428
02-03-11,46.56382163,50.302856
03-03-11,46.74010419,51.365715
04-03-11,46.8342099,51.42857
07-03-11,46.75452951,50.765713
08-03-11,46.6939612,50.822857
09-03-11,46.8051246,50.352856
10-03-11,46.89898419,49.524284
11-03-11,46.78818241,50.284286
14-03-11,46.75172027,50.508572
15-03-11,46.95537728,49.347141
16-03-11,47.00072507,47.144287
17-03-11,46.71243054,47.805714
18-03-11,46.66829538,47.238571
21-03-11,47.01101337,48.471428
22-03-11,47.12875494,48.742859
23-03-11,46.90377236,48.455715
24-03-11,46.84771774,49.281429
25-03-11,47.14846514,50.220001
28-03-11,47.32356061,50.062859
29-03-11,47.10690803,50.137142
30-03-11,46.99206092,49.804287
31-03-11,47.25236628,49.787144
01-04-11,47.39916847,49.222858
04-04-11,47.16737135,48.741428
05-04-11,47.04046756,48.412857
06-04-11,47.29255634,48.291428
07-04-11,47.44677817,48.297142
08-04-11,47.24225922,47.865715
11-04-11,47.13254903,47.257141
12-04-11,47.34652268,47.485714
13-04-11,47.48737225,48.01857
14-04-11,47.35935258,47.488571
15-04-11,47.27906144,46.779999
18-04-11,47.40769576,47.407143
19-04-11,47.53458888,48.265713
20-04-11,47.52393337,48.915714
21-04-11,47.51950879,50.099998
25-04-11,47.66362534,50.43
26-04-11,47.78368635,50.060001
27-04-11,47.6910848,50.021427
28-04-11,47.61299633,49.535713
29-04-11,47.73958912,50.01857
02-05-11,47.86806483,49.468571
03-05-11,47.79170334,49.742859
04-05-11,47.71004849,49.938572
05-05-11,47.86318874,49.535713
06-05-11,47.98656899,49.522858
09-05-11,47.86841382,49.657143
10-05-11,47.81041941,49.921429
11-05-11,48.00127667,49.604286
12-05-11,48.10699441,49.509998
13-05-11,47.9522517,48.642857
16-05-11,47.86636595,47.614285
17-05-11,47.99320963,48.02
18-05-11,48.101339,48.552856
19-05-11,48.0699087,48.647144
20-05-11,48.04770016,47.888573
23-05-11,48.10598845,47.771427
24-05-11,48.14202057,47.455715
25-05-11,48.11938173,48.111427
26-05-11,48.15437828,47.857143
27-05-11,48.25072871,48.201427
31-05-11,49.689999,49.689999
01-06-11,49.74103779,49.35857
02-06-11,49.79972866,49.442856
03-06-11,49.7947422,49.062859
06-06-11,49.88982463,48.291428
07-06-11,49.84707223,47.434284
08-06-11,49.84757565,47.462856
09-06-11,49.80587627,47.355713
10-06-11,49.91333494,46.557144
13-06-11,49.88646161,46.657143
14-06-11,49.87977547,47.491428
15-06-11,49.98607957,46.67857
16-06-11,50.08984064,46.451427
17-06-11,49.98579331,45.751427
20-06-11,50.09745845,45.045715
21-06-11,49.98085284,46.471428
22-06-11,50.06808586,46.087143
23-06-11,50.2724608,47.318573
24-06-11,50.17920469,46.621429
27-06-11,50.49255525,47.434284
28-06-11,50.26391884,47.894287
29-06-11,50.63778403,47.720001
30-06-11,50.50229008,47.952858
01-07-11,50.67548533,49.037144
05-07-11,50.6739431,49.918571
06-07-11,50.92304343,50.251427
07-07-11,50.95001661,51.028572
08-07-11,51.07963315,51.387142
11-07-11,51.17603396,50.57143
12-07-11,51.22885558,50.535713
13-07-11,51.17014033,51.145714
14-07-11,51.29695367,51.110001
15-07-11,51.36284016,52.131428
18-07-11,51.41409679,53.400002
19-07-11,51.61138761,53.835712
20-07-11,51.722896,55.271427
21-07-11,51.81132514,55.327145
22-07-11,52.01274028,56.185715
25-07-11,51.97676591,56.92857
26-07-11,52.2070218,57.630001
27-07-11,52.22308481,56.084286
28-07-11,52.36634545,55.974285
29-07-11,52.16344166,55.782856
01-08-11,52.3762906,56.67857
02-08-11,52.28645715,55.558571
03-08-11,52.53304488,56.081429
04-08-11,52.30985409,53.91
05-08-11,52.59087932,53.374287
08-08-11,52.18903633,50.458572
09-08-11,52.45119014,53.43
10-08-11,51.99389814,51.955715
11-08-11,52.77078021,53.385715
12-08-11,52.11819465,53.855713
15-08-11,52.88713932,54.772858
16-08-11,52.46815745,54.354286
17-08-11,52.99304801,54.348572
18-08-11,52.63292335,52.292858
19-08-11,52.96201261,50.861427
22-08-11,52.50967795,50.919998
23-08-11,52.73458283,53.371429
24-08-11,52.67824469,53.740002
25-08-11,53.13766227,53.388573
26-08-11,52.93836074,54.797142
29-08-11,53.16073461,55.709999
30-08-11,53.26789028,55.712856
31-08-11,53.40181726,54.975716
01-09-11,53.38648511,54.432858
02-09-11,53.38690979,53.435715
06-09-11,53.38404167,54.248573
07-09-11,53.35279013,54.847141
08-09-11,53.56896624,54.877144
09-09-11,53.57527675,53.925713
12-09-11,53.65511534,54.277142
13-09-11,53.5666899,54.945713
14-09-11,53.76964748,55.614285
15-09-11,53.80062945,56.137142
16-09-11,53.96515755,57.214287
19-09-11,54.01615299,58.804287
20-09-11,54.22837539,59.064285
21-09-11,54.36245047,58.877144
22-09-11,54.39345846,57.402859
23-09-11,54.41979924,57.757141
26-09-11,54.31398241,57.595715
27-09-11,54.51285575,57.037144
28-09-11,54.42437619,56.715714
29-09-11,54.50751406,55.795715
30-09-11,54.47479661,54.474285
03-10-11,54.45093692,53.514286
04-10-11,54.36593801,53.214287
05-10-11,54.37724872,54.035713
06-10-11,54.42088791,53.91
07-10-11,54.58025747,52.828571
10-10-11,54.52260534,55.544285
11-10-11,54.55451917,57.184284
12-10-11,54.99073515,57.455715
13-10-11,54.98369764,58.347141
14-10-11,55.14505618,60.285713
17-10-11,55.25406302,59.998573
18-10-11,55.50176398,60.32
19-10-11,55.39170812,56.945713
20-10-11,55.55686662,56.472858
21-10-11,55.103561,56.124287
24-10-11,55.4466149,57.967144
25-10-11,55.24990228,56.824287
26-10-11,55.7055572,57.228573
27-10-11,55.32677777,57.812859
28-10-11,55.76016835,57.849998
31-10-11,55.59566895,57.825714
01-11-11,55.82458293,56.644287
02-11-11,55.72098321,56.772858
03-11-11,55.74500748,57.581429
04-11-11,55.83589148,57.177143
07-11-11,55.95559263,57.104286
08-11-11,55.91168971,58.032856
09-11-11,56.03929317,56.468571
10-11-11,56.1271716,55.031429
11-11-11,55.94028511,54.945713
14-11-11,55.9729809,54.18
15-11-11,56.00174983,55.547142
16-11-11,55.98937892,54.967144
17-11-11,56.25670046,53.915714
18-11-11,56.06419549,53.562859
21-11-11,56.15358018,52.715714
22-11-11,56.10507814,53.787144
23-11-11,56.1316311,52.427143
25-11-11,56.32015932,51.938572
28-11-11,56.08373649,53.73143
29-11-11,56.30562589,53.314285
30-11-11,56.46364139,54.599998
01-12-11,56.41736112,55.418571
02-12-11,56.73182587,55.671429
05-12-11,56.71027108,56.144287
06-12-11,56.87122376,55.849998
07-12-11,56.90277171,55.584286
08-12-11,56.93475225,55.808571
09-12-11,56.97003631,56.23143
12-12-11,57.07079338,55.977142
13-12-11,57.14193654,55.544285
14-12-11,57.14583508,54.312859
15-12-11,57.15801849,54.134285
16-12-11,57.0692933,54.431427
19-12-11,57.19932558,54.601429
20-12-11,57.23452106,56.564285
21-12-11,57.35924739,56.635715
22-12-11,57.62533303,56.935715
23-12-11,57.55025968,57.618572
27-12-11,57.75583473,58.075714
28-12-11,57.7928517,57.52
29-12-11,57.91821331,57.874287
30-12-11,57.85578009,57.857143
03-01-12,58.747143,58.747143
04-01-12,58.91106272,59.062859
05-01-12,59.06946961,59.718571
06-01-12,59.20905612,60.342857
09-01-12,59.33800548,60.247143
10-01-12,59.50206176,60.462856
11-01-12,59.69583828,60.364285
12-01-12,59.90841029,60.19857
13-01-12,60.11261914,59.972858
17-01-12,60.29088161,60.671429
18-01-12,60.40594345,61.30143
19-01-12,60.49124831,61.107143
20-01-12,60.63778064,60.042858
23-01-12,60.9102727,61.058571
24-01-12,61.16157344,60.058571
25-01-12,61.39767675,63.808571
26-01-12,61.38157691,63.51857
27-01-12,61.36294142,63.897144
30-01-12,61.47366414,64.715714
31-01-12,61.7344368,65.211426
01-02-12,62.07077732,65.169998
02-02-12,62.3675346,65.017143
03-02-12,62.53692043,65.668571
06-02-12,62.55648432,66.281425
07-02-12,62.54439055,66.975716
08-02-12,62.63690524,68.097145
09-02-12,62.86691001,70.452858
10-02-12,63.11401418,70.488571
13-02-12,63.37892446,71.800003
14-02-12,63.5383321,72.779999
15-02-12,63.60051414,71.095711
16-02-12,63.75979812,71.744286
17-02-12,63.96329019,71.73143
21-02-12,64.21036733,73.550003
22-02-12,64.36873987,73.291428
23-02-12,64.51738993,73.769997
24-02-12,64.65751519,74.629997
27-02-12,64.79908341,75.108574
28-02-12,64.9778561,76.487144
29-02-12,65.15102634,77.491432
01-03-12,65.32057433,77.781425
02-03-12,65.51319075,77.882858
05-03-12,65.72714973,76.165718
06-03-12,66.0193606,75.751427
07-03-12,66.27948552,75.812859
08-03-12,66.43699055,77.427139
09-03-12,66.4483142,77.881432
12-03-12,66.48216069,78.85714
13-03-12,66.63179421,81.157143
14-03-12,66.85440255,84.225716
15-03-12,67.0546892,83.651428
16-03-12,67.33042342,83.652855
19-03-12,67.59855477,85.871429
20-03-12,67.70526466,86.565712
21-03-12,67.75134017,86.071426
22-03-12,67.89414762,85.620003
23-03-12,68.17908808,85.150002
26-03-12,68.54041586,86.711426
27-03-12,68.76483586,87.78286
28-03-12,68.82829257,88.23143
29-03-12,68.84935327,87.122856
30-03-12,69.02772402,85.650002
02-04-12,69.40961145,88.375717
03-04-12,69.6872266,89.902855
04-04-12,69.80905256,89.187141
05-04-12,69.9107934,90.525711
09-04-12,69.99466221,90.889999
10-04-12,70.17489619,89.777145
11-04-12,70.52358459,89.457146
12-04-12,70.9036055,88.96714
13-04-12,71.18378537,86.461426
16-04-12,71.40004003,82.875717
17-04-12,71.63436346,87.099998
18-04-12,71.55716148,86.905716
19-04-12,71.53577079,83.919998
20-04-12,71.88158771,81.854286
23-04-12,72.485971,81.671425
24-04-12,72.97074206,80.040001
25-04-12,73.18794643,87.14286
26-04-12,72.73548556,86.814285
27-04-12,72.39913229,86.14286
30-04-12,72.6293704,83.425713
01-05-12,73.51276279,83.16143
02-05-12,74.43412755,83.711426
03-05-12,74.78150854,83.117142
04-05-12,74.49630508,80.75
07-05-12,74.08775001,81.354286
08-05-12,73.9401914,81.168571
09-05-12,74.36583769,81.311432
10-05-12,75.17795633,81.502853
11-05-12,75.89082142,80.958572
14-05-12,76.13680748,79.745712
15-05-12,75.93941874,79.024284
16-05-12,75.63137179,78.011429
17-05-12,75.66077658,75.73143
18-05-12,76.26211564,75.76857
21-05-12,77.03624892,80.182854
22-05-12,77.28885636,79.567146
23-05-12,77.20020884,81.508568
24-05-12,76.89355447,80.760002
25-05-12,76.90560289,80.327141
29-05-12,77.39393371,81.752853
30-05-12,78.04847072,82.738571
31-05-12,78.52152786,82.53286
01-06-12,78.65959204,80.141426
04-06-12,78.65768803,80.612854
05-06-12,78.57955212,80.404289
06-06-12,78.69772894,81.637146
07-06-12,79.01851173,81.674286
08-06-12,79.51050168,82.902855
11-06-12,79.89257567,81.595711
12-06-12,80.16081785,82.308571
13-06-12,80.19150428,81.737144
14-06-12,80.20535607,81.647141
15-06-12,80.356656,82.01857
18-06-12,80.6817936,83.682854
19-06-12,81.02465427,83.915718
20-06-12,81.34800151,83.677139
21-06-12,81.60017652,82.524284
22-06-12,81.82081559,83.157143
25-06-12,81.93674589,81.538574
26-06-12,82.16145425,81.718575
27-06-12,82.42431173,82.071426
28-06-12,82.68897983,81.292854
29-06-12,82.99192205,83.428574
02-07-12,83.12118486,84.645714
03-07-12,83.1833411,85.629997
05-07-12,83.31299901,87.134285
06-07-12,83.55137591,86.554283
09-07-12,83.99063966,87.69857
10-07-12,84.38125993,86.887146
11-07-12,84.6934856,86.347145
12-07-12,84.86736877,85.557144
13-07-12,84.9806772,86.424286
16-07-12,85.05387891,86.701431
17-07-12,85.24263432,86.705711
18-07-12,85.60061291,86.608574
19-07-12,86.04094096,87.760002
20-07-12,86.3348367,86.328575
23-07-12,86.57450553,86.261429
24-07-12,86.70849542,85.845711
25-07-12,86.84920979,82.138573
26-07-12,87.28915987,82.125717
27-07-12,87.70996335,83.594284
30-07-12,87.88097841,85.004288
31-07-12,87.84641336,87.251427
01-08-12,87.7643267,86.687141
02-08-12,88.03242074,86.827141
03-08-12,88.60249787,87.957146
06-08-12,89.15708008,88.935715
07-08-12,88.701431,88.701431
08-08-12,88.48511625,88.55143
09-08-12,88.26765218,88.675713
10-08-12,88.03170808,88.814285
13-08-12,87.75112905,90
14-08-12,87.44031883,90.241432
15-08-12,87.00466032,90.118568
16-08-12,86.7229706,90.905716
17-08-12,86.50018264,92.587143
20-08-12,86.09571993,95.021431
21-08-12,85.52425078,93.722855
22-08-12,84.97733466,95.552856
23-08-12,84.90353091,94.66143
24-08-12,84.4898329,94.745712
27-08-12,84.3324421,96.525711
28-08-12,84.06626985,96.400002
29-08-12,83.57127423,96.209999
30-08-12,83.34426512,94.83857
31-08-12,83.21130088,95.034286
04-09-12,83.15978754,96.424286
05-09-12,82.85338855,95.747147
06-09-12,82.41298541,96.610001
07-09-12,82.24571825,97.205711
10-09-12,81.91878044,94.677139
11-09-12,81.65549158,94.370003
12-09-12,81.7805503,95.684288
13-09-12,81.58093132,97.568573
14-09-12,81.06792619,98.754288
17-09-12,80.53943456,99.968575
18-09-12,80.15712671,100.272858
19-09-12,79.80856385,100.300003
20-09-12,79.56071176,99.814285
21-09-12,79.36088941,100.012856
24-09-12,79.19502396,98.684288
25-09-12,78.9759525,96.220001
26-09-12,78.96661062,95.025711
27-09-12,79.09513018,97.331429
28-09-12,78.9517192,95.300003
01-10-12,78.42899946,94.19857
02-10-12,78.46028345,94.472855
03-10-12,78.43645765,95.921425
04-10-12,78.11111387,95.257141
05-10-12,77.68102495,93.227142
08-10-12,77.59895371,91.167145
09-10-12,77.73402002,90.835716
10-10-12,77.79034613,91.558571
11-10-12,77.55166715,89.728569
12-10-12,77.23538015,89.958572
15-10-12,77.24991255,90.68
16-10-12,77.00997178,92.827141
17-10-12,76.60059333,92.087143
18-10-12,76.11393828,90.377144
19-10-12,76.05055544,87.120003
22-10-12,76.19452208,90.575714
23-10-12,76.32053528,87.622856
24-10-12,75.67841876,88.118568
25-10-12,75.76005675,87.077141
26-10-12,75.59243702,86.285713
31-10-12,75.49181147,85.045715
01-11-12,75.41610229,85.220001
02-11-12,75.35615835,82.400002
05-11-12,75.18013014,83.517143
06-11-12,75.30715977,83.264282
07-11-12,74.95535337,79.714287
08-11-12,74.81152315,76.821426
09-11-12,75.21925347,78.151428
12-11-12,75.42577993,77.547142
13-11-12,74.94887645,77.557144
14-11-12,74.74095567,76.697144
15-11-12,74.59510659,75.08857
16-11-12,74.5632177,75.382858
19-11-12,74.58827872,80.818573
20-11-12,74.15791157,80.129997
21-11-12,73.11374106,80.242859
23-11-12,72.9863094,81.64286
26-11-12,72.86561889,84.218575
27-11-12,72.38551648,83.540001
28-11-12,71.81698892,83.277145
29-11-12,71.73305595,84.194283
30-11-12,71.60698198,83.611427
03-12-12,71.28053627,83.741432
04-12-12,71.13116557,82.264282
05-12-12,70.97284804,76.970001
06-12-12,71.10463793,78.177139
07-12-12,71.62195591,76.178574
10-12-12,71.28736862,75.688568
11-12-12,71.25941483,77.341431
12-12-12,71.11347695,77
13-12-12,70.65581745,75.669998
14-12-12,70.51599141,72.827141
17-12-12,70.63446243,74.118568
18-12-12,70.82714176,76.271431
19-12-12,70.34093164,75.187141
20-12-12,69.77634171,74.53286
21-12-12,69.77698189,74.190002
24-12-12,69.75497723,74.309998
26-12-12,69.58042762,73.285713
27-12-12,69.36606395,73.580002
28-12-12,69.30527944,72.798569
31-12-12,69.09761744,76.024284
02-01-13,68.90207165,78.432854
03-01-13,68.17898226,77.442856
04-01-13,67.64899062,75.285713
07-01-13,67.7145959,74.842857
08-01-13,67.90364872,75.044289
09-01-13,67.74687456,73.871429
10-01-13,67.49673986,74.78714
11-01-13,67.43573207,74.328575
14-01-13,67.14387916,71.678574
15-01-13,67.06312624,69.417145
16-01-13,67.3410751,72.298569
17-01-13,67.41296268,71.811432
18-01-13,66.74675785,71.428574
22-01-13,66.56651095,72.110001
23-01-13,66.49173885,73.43
24-01-13,66.1727304,64.35714
25-01-13,66.03412021,62.84
28-01-13,67.29090774,64.261429
29-01-13,67.38249665,65.46714
30-01-13,66.69472432,65.261429
31-01-13,66.24265809,65.07
01-02-13,66.15794267,64.802856
04-02-13,66.05730798,63.188572
05-02-13,65.94984617,65.405716
06-02-13,65.94307435,65.335716
07-02-13,65.40117606,66.888573
08-02-13,65.12879398,67.854286
11-02-13,64.72991367,68.561432
12-02-13,64.38230487,66.842857
13-02-13,64.16953626,66.715714
14-02-13,64.27001564,66.655716
15-02-13,64.12936034,65.737144
19-02-13,63.93820557,65.71286
20-02-13,63.88766655,64.121429
21-02-13,63.76582218,63.722858
22-02-13,63.82207987,64.401428
25-02-13,63.685991,63.257141
26-02-13,63.39735624,64.138573
27-02-13,63.35365747,63.509998
28-02-13,63.0811861,63.057144
01-03-13,62.98397955,61.495716
04-03-13,62.94265515,60.007141
05-03-13,63.05108502,61.591427
06-03-13,63.05706493,60.808571
07-03-13,62.60953565,61.511429
08-03-13,62.48796118,61.674286
11-03-13,62.24045507,62.552856
12-03-13,61.99743925,61.204285
13-03-13,61.73250943,61.192856
14-03-13,61.77262719,61.785713
15-03-13,63.380001,63.380001
18-03-13,63.42369924,65.102859
19-03-13,63.58388072,64.927139
20-03-13,63.68804297,64.582855
21-03-13,63.71983038,64.675713
22-03-13,63.71694663,65.987144
25-03-13,63.76813517,66.225716
26-03-13,63.79246628,65.877144
27-03-13,63.75975454,64.582855
28-03-13,63.63956621,63.237144
01-04-13,63.47357727,61.272858
02-04-13,63.27578938,61.398571
03-04-13,63.21134354,61.712856
04-04-13,63.30133574,61.102856
05-04-13,63.47929274,60.457142
08-04-13,63.72000986,60.887142
09-04-13,64.04381499,60.997143
10-04-13,64.38021233,62.241428
11-04-13,64.72739193,62.047142
12-04-13,64.95998349,61.400002
15-04-13,65.02878472,59.978573
16-04-13,64.90428862,60.89143
17-04-13,64.73712246,57.542858
18-04-13,64.38031497,56.007141
19-04-13,64.00887988,55.790001
22-04-13,63.76041176,56.952858
23-04-13,63.73887241,58.01857
24-04-13,63.93738524,57.922855
25-04-13,64.26985928,58.34
26-04-13,64.70192651,59.599998
29-04-13,65.19130862,61.445713
30-04-13,65.66965757,63.254284
01-05-13,66.04665183,62.755714
02-05-13,66.17968494,63.645714
03-05-13,66.10815171,64.28286
06-05-13,65.84935333,65.815712
07-05-13,65.49155018,65.522858
08-05-13,65.04962178,66.262856
09-05-13,64.64522417,65.252853
10-05-13,64.30469566,64.709999
13-05-13,64.11010953,64.96286
14-05-13,64.12235528,63.408573
15-05-13,64.28960361,61.264286
16-05-13,64.57294683,62.082859
17-05-13,65.01953048,61.894287
20-05-13,65.52351155,63.275715
21-05-13,66.0446951,62.808571
22-05-13,66.44233388,63.049999
23-05-13,66.6744098,63.162857
24-05-13,66.70620545,63.592857
28-05-13,66.55367108,63.062859
29-05-13,66.23271123,63.564285
30-05-13,65.84331836,64.511429
31-05-13,65.47461063,64.247147
03-06-13,65.16840817,64.388573
04-06-13,64.99542608,64.187141
05-06-13,64.98235617,63.587143
06-06-13,65.12690904,62.637142
07-06-13,65.40167562,63.115715
10-06-13,65.79931218,62.69857
11-06-13,66.23335667,62.514286
12-06-13,66.63978217,61.741428
13-06-13,66.9407324,62.279999
14-06-13,67.12269819,61.435715
17-06-13,67.13049719,61.714287
18-06-13,67.00261469,61.681427
19-06-13,66.76661601,60.42857
20-06-13,66.45061164,59.548573
21-06-13,66.13389588,59.07143
24-06-13,65.89257045,57.505714
25-06-13,65.75358758,57.51857
26-06-13,65.78563215,56.867142
27-06-13,65.97317581,56.254284
28-06-13,66.29118618,56.647144
01-07-13,66.71317416,58.459999
02-07-13,67.19886725,59.784286
03-07-13,67.65171934,60.114285
05-07-13,67.97383856,59.631428
08-07-13,68.09888809,59.292858
09-07-13,68.01979352,60.335712
10-07-13,67.79240949,60.104286
11-07-13,67.4427298,61.041428
12-07-13,67.06845616,60.93
15-07-13,66.72418584,61.062859
16-07-13,66.4838008,61.457142
17-07-13,66.4003359,61.472858
18-07-13,66.48610258,61.68
19-07-13,66.73477724,60.707142
22-07-13,67.08699863,60.901428
23-07-13,67.50989543,59.855713
24-07-13,67.91277669,62.93
25-07-13,68.3045263,62.642857
26-07-13,68.55737018,62.998573
29-07-13,68.64644274,63.970001
30-07-13,68.57585778,64.760002
31-07-13,68.36473538,64.647141
01-08-13,68.04710456,65.239998
02-08-13,67.70280754,66.077141
05-08-13,67.40519986,67.064285
06-08-13,67.21524733,66.464287
07-08-13,67.14795061,66.425713
08-08-13,67.23095647,65.858574
09-08-13,67.4481251,64.921425
12-08-13,67.76336708,66.765717
13-08-13,68.16981985,69.938568
14-08-13,68.61522606,71.214287
15-08-13,68.99383655,71.129997
16-08-13,69.22469351,71.761429
19-08-13,69.28509242,72.534286
20-08-13,69.17560484,71.581429
21-08-13,68.90446724,71.765717
22-08-13,68.54957984,71.851425
23-08-13,68.18420997,71.574287
26-08-13,67.87834133,71.852859
27-08-13,67.70126174,69.798569
28-08-13,67.66138826,70.128571
29-08-13,67.80534304,70.242859
30-08-13,68.11062492,69.602859
03-09-13,68.52044562,69.797142
04-09-13,68.98042978,71.241432
05-09-13,69.43018145,70.752853
06-09-13,69.77017809,71.174286
09-09-13,69.95909777,72.309998
10-09-13,69.98011997,70.662857
11-09-13,69.80545524,66.815712
12-09-13,69.45526603,67.527145
13-09-13,69.06807345,66.414284
16-09-13,68.69998692,64.302856
17-09-13,68.41487241,65.045715
18-09-13,68.30942551,66.382858
19-09-13,68.41388197,67.471428
20-09-13,68.71023273,66.772858
23-09-13,69.12969455,70.091431
24-09-13,69.65261773,69.871429
25-09-13,70.1460151,68.790001
26-09-13,70.51885742,69.459999
27-09-13,70.73350287,68.964287
30-09-13,70.74604997,68.10714
01-10-13,70.56231706,69.708572
02-10-13,70.25743307,69.937141
03-10-13,69.88001962,69.058571
04-10-13,69.49649167,69.004288
07-10-13,69.19506534,69.678574
08-10-13,69.04462995,68.705711
09-10-13,69.05973853,69.512856
10-10-13,69.2649836,69.94857
11-10-13,69.62561804,70.401428
14-10-13,70.08435596,70.862854
15-10-13,70.56603356,71.239998
16-10-13,70.98989423,71.587143
17-10-13,72.071426,72.071426
18-10-13,72.16394064,72.69857
21-10-13,72.2777338,74.480003
22-10-13,72.46019468,74.267143
23-10-13,72.58309247,74.994286
24-10-13,72.56280858,75.987144
25-10-13,72.84862723,75.137146
28-10-13,72.8930523,75.697144
29-10-13,72.78637167,73.811432
30-10-13,73.0878211,74.985718
31-10-13,72.9843035,74.671425
01-11-13,73.19065047,74.290001
04-11-13,73.27764389,75.25
05-11-13,73.2631775,75.064285
06-11-13,73.56496787,74.417145
07-11-13,73.4656729,73.21286
08-11-13,73.40055981,74.365715
11-11-13,73.74609457,74.150002
12-11-13,73.84302148,74.28714
13-11-13,73.65885527,74.375717
14-11-13,74.05197746,75.451431
15-11-13,74.15621101,74.998573
18-11-13,74.05385407,74.089996
19-11-13,74.21190134,74.221428
20-11-13,74.2945437,73.571426
21-11-13,74.29939778,74.44857
22-11-13,74.4506724,74.257141
25-11-13,74.66407261,74.82
26-11-13,74.57148908,76.199997
27-11-13,74.90701806,77.994286
29-11-13,75.22336324,79.438568
02-12-13,75.17964802,78.747147
03-12-13,75.34776076,80.902855
04-12-13,75.52918393,80.714287
05-12-13,75.73178423,81.128571
06-12-13,75.6145891,80.002853
09-12-13,75.79945274,80.918571
10-12-13,75.89299955,80.792854
11-12-13,76.00859846,80.194283
12-12-13,76.01055581,80.077141
13-12-13,76.07821807,79.204285
16-12-13,76.20176725,79.64286
17-12-13,76.18341886,79.284286
18-12-13,76.39712642,78.681427
19-12-13,76.3667209,77.779999
20-12-13,76.31393794,78.431427
23-12-13,76.58805,81.441429
24-12-13,76.93365369,81.095711
26-12-13,76.99557722,80.557144
27-12-13,76.78214034,80.012856
30-12-13,77.10967875,79.21714
31-12-13,77.10533777,80.145714
02-01-14,77.01709412,79.01857
03-01-14,77.45299927,77.28286
06-01-14,77.04974208,77.704285
07-01-14,77.09917793,77.148575
08-01-14,77.74248797,77.637146
09-01-14,77.23283963,76.645714
10-01-14,77.432633,76.134285
13-01-14,77.79689562,76.53286
14-01-14,77.43917629,78.055717
15-01-14,77.93030943,79.622856
16-01-14,78.39851033,79.178574
17-01-14,77.91099532,77.238571
21-01-14,78.03901525,78.438568
22-01-14,78.44218649,78.78714
23-01-14,78.38697085,79.454285
24-01-14,78.4418573,78.010002
27-01-14,78.71433802,78.64286
28-01-14,78.46795853,72.35714
29-01-14,78.34087373,71.535713
30-01-14,77.87486029,71.397141
31-01-14,78.62565334,71.514282
03-02-14,78.54300557,71.647141
04-02-14,78.21104335,72.684288
05-02-14,79.04630932,73.227142
06-02-14,78.98865464,73.215714
07-02-14,78.61003735,74.239998
10-02-14,79.44470323,75.57
11-02-14,79.49589291,76.565712
12-02-14,79.21981148,76.559998
13-02-14,79.92481675,77.775711
14-02-14,79.82342106,77.71286
18-02-14,79.72898631,77.998573
19-02-14,80.23162413,76.767143
20-02-14,80.0186384,75.878571
21-02-14,79.75826129,75.035713
24-02-14,80.31041044,75.364288
25-02-14,80.14045202,74.580002
26-02-14,80.06031078,73.907143
27-02-14,80.40506933,75.381432
28-02-14,80.40897819,75.177139
03-03-14,80.60228191,75.394287
04-03-14,80.66319694,75.891426
05-03-14,80.77996737,76.05143
06-03-14,80.98812524,75.821426
07-03-14,80.94924033,75.777145
10-03-14,81.03357305,75.845711
11-03-14,81.27157333,76.584282
12-03-14,81.3011377,76.658569
13-03-14,81.46664046,75.807144
14-03-14,81.49211466,74.955711
17-03-14,81.36798219,75.248573
18-03-14,81.64209411,75.914284
19-03-14,81.87567548,75.894287
20-03-14,81.76762709,75.528572
21-03-14,81.91321466,76.124283
24-03-14,82.14433717,77.027145
25-03-14,82.23553428,77.855713
26-03-14,82.44169288,77.111427
27-03-14,82.51055385,76.779999
28-03-14,82.36750608,76.694283
31-03-14,82.68399342,76.677139
01-04-14,82.7645546,77.378571
02-04-14,82.72242208,77.507141
03-04-14,83.12669574,76.970001
04-04-14,83.00709069,75.974289
07-04-14,82.84969912,74.781425
08-04-14,83.14473862,74.777145
09-04-14,83.05752913,75.760002
10-04-14,83.2490669,74.78286
11-04-14,83.52442938,74.230003
14-04-14,83.10378658,74.525711
15-04-14,83.50874695,73.994286
16-04-14,83.79522272,74.144287
17-04-14,83.29959292,74.991432
21-04-14,83.96159129,75.881432
22-04-14,84.28429146,75.957146
23-04-14,83.75981035,74.964287
24-04-14,84.2330055,81.110001
25-04-14,84.90883138,81.705711
28-04-14,85.20720259,84.870003
29-04-14,84.89697535,84.618568
30-04-14,85.77932302,84.298569
01-05-14,85.37058487,84.497147
02-05-14,85.20878477,84.654289
05-05-14,86.14493527,85.851425
06-05-14,85.73055286,84.915718
07-05-14,85.68927056,84.618568
08-05-14,86.26632407,83.998573
09-05-14,85.88928363,83.648575
12-05-14,85.89734492,84.690002
13-05-14,86.60010699,84.822861
14-05-14,86.33872551,84.83857
15-05-14,86.26171001,84.117142
16-05-14,86.85651636,85.358574
19-05-14,86.58139982,86.370003
20-05-14,86.90729867,86.387146
21-05-14,87.31956043,86.615715
22-05-14,86.88759724,86.752853
23-05-14,87.732857,87.732857
27-05-14,87.87639087,89.375717
28-05-14,88.0246124,89.144287
29-05-14,88.16403298,90.76857
30-05-14,88.30285637,90.428574
02-06-14,88.42822227,89.807144
03-06-14,88.54327882,91.077141
04-06-14,88.65779565,92.117142
05-06-14,88.76536822,92.478569
06-06-14,88.86085104,92.224289
09-06-14,88.94387242,93.699997
10-06-14,89.01865618,94.25
11-06-14,89.07870385,93.860001
12-06-14,89.12460626,92.290001
13-06-14,89.16436873,91.279999
16-06-14,89.20857375,92.199997
17-06-14,89.25650673,92.080002
18-06-14,89.30840525,92.18
19-06-14,89.36463109,91.860001
20-06-14,89.42868001,90.910004
23-06-14,89.50933512,90.830002
24-06-14,89.60480715,90.279999
25-06-14,89.72118119,90.360001
26-06-14,89.85426665,90.900002
27-06-14,89.99680196,91.980003
30-06-14,90.13670944,92.93
01-07-14,90.26882917,93.519997
02-07-14,90.39353811,93.480003
03-07-14,90.51938259,94.029999
07-07-14,90.63651943,95.970001
08-07-14,90.71447857,95.349998
09-07-14,90.79575951,95.389999
10-07-14,90.87206958,95.040001
11-07-14,90.95390997,95.220001
14-07-14,91.03238784,96.449997
15-07-14,91.08136021,95.32
16-07-14,91.15528276,94.779999
17-07-14,91.24769319,93.089996
18-07-14,91.3962395,94.43
21-07-14,91.52436681,93.940002
22-07-14,91.67834222,94.720001
23-07-14,91.82276994,97.190002
24-07-14,91.90018321,97.029999
25-07-14,91.97922355,97.669998
28-07-14,92.03665144,99.019997
29-07-14,92.0466656,98.379997
30-07-14,92.06894076,98.150002
31-07-14,92.09573158,95.599998
01-08-14,92.21269159,96.129997
04-08-14,92.32653775,95.589996
05-08-14,92.47405078,95.120003
06-08-14,92.65697427,94.959999
07-08-14,92.86692407,94.480003
08-08-14,93.11806398,94.739998
11-08-14,93.38392414,95.989998
12-08-14,93.62215438,95.970001
13-08-14,93.87706073,97.239998
14-08-14,94.09539175,97.5
15-08-14,94.31181083,97.980003
18-08-14,94.51615965,99.160004
19-08-14,94.67634537,100.529999
20-08-14,94.77798191,100.57
21-08-14,94.87100685,100.580002
22-08-14,94.95834417,101.32
25-08-14,95.00976622,101.540001
26-08-14,95.04518466,100.889999
27-08-14,95.10378517,102.129997
28-08-14,95.1068146,102.25
29-08-14,95.09848647,102.5
02-09-14,95.07404733,103.300003
03-09-14,95.00885248,98.940002
04-09-14,95.13906848,98.120003
05-09-14,95.33026927,98.970001
08-09-14,95.50730019,98.360001
09-09-14,95.7361735,97.989998
10-09-14,96.00990221,101
11-09-14,96.16340974,101.43
12-09-14,96.30528555,101.660004
15-09-14,96.44362162,101.629997
16-09-14,96.59095692,100.860001
17-09-14,96.78592643,101.580002
18-09-14,96.95941916,101.790001
19-09-14,97.13340549,100.959999
22-09-14,97.36092014,101.059998
23-09-14,97.60065604,102.639999
24-09-14,97.77579671,101.75
25-09-14,98.00517534,97.870003
26-09-14,98.45862669,100.75
29-09-14,98.79777481,100.110001
30-09-14,99.19437275,100.75
01-10-14,99.58359327,99.18
02-10-14,100.0841498,99.900002
03-10-14,100.580032,99.620003
06-10-14,101.1229437,99.620003
07-10-14,101.6996478,98.75
08-10-14,102.3615779,100.800003
09-10-14,102.9449155,101.019997
10-10-14,103.5415848,100.730003
13-10-14,104.1808066,99.809998
14-10-14,104.9039656,98.75
15-10-14,105.7291353,97.540001
16-10-14,106.6769226,96.260002
17-10-14,107.7650567,97.669998
20-10-14,108.830766,99.760002
21-10-14,109.8180444,102.470001
22-10-14,110.6707719,102.989998
23-10-14,111.5073485,104.830002
24-10-14,112.2405402,105.220001
27-10-14,112.9489103,105.110001
28-10-14,113.6629272,106.739998
29-10-14,114.2734897,107.339996
30-10-14,114.8352482,106.980003
31-10-14,115.4071248,108
03-11-14,115.9049795,109.400002
04-11-14,116.2984486,108.599998
05-11-14,116.7206157,108.860001
06-11-14,117.1117954,108.699997
07-11-14,117.4996686,109.010002
10-11-14,117.856951,108.830002
11-11-14,118.2156961,109.699997
12-11-14,118.5100231,111.25
13-11-14,118.690766,112.82
14-11-14,118.7479956,114.18
17-11-14,118.6872584,113.989998
18-11-14,118.6014674,115.470001
19-11-14,118.3890834,114.669998
20-11-14,118.1882431,116.309998
21-11-14,117.8537614,116.470001
24-11-14,117.4715717,118.629997
25-11-14,116.9208097,117.599998
26-11-14,116.38844,119
28-11-14,115.7367834,118.93
01-12-14,115.0509611,115.07
02-12-14,114.5683377,114.629997
03-12-14,114.1079591,115.93
04-12-14,113.5669981,115.489998
05-12-14,113.0468139,115
08-12-14,112.5557418,112.400002
09-12-14,112.2309407,114.120003
10-12-14,111.8216225,111.949997
11-12-14,111.5604741,111.620003
12-12-14,111.3484663,109.730003
15-12-14,111.2883951,108.230003
16-12-14,111.3709121,106.75
17-12-14,111.6075289,109.410004
18-12-14,111.7356968,112.650002
19-12-14,111.7015652,111.779999
22-12-14,111.7457164,112.940002
23-12-14,111.7458305,112.540001
24-12-14,111.7937253,112.010002
26-12-14,113.989998,113.989998
29-12-14,114.0399574,113.910004
30-12-14,114.0934109,112.519997
31-12-14,114.1888363,110.379997
02-01-15,114.3678605,109.330002
05-01-15,114.5998956,106.25
06-01-15,114.9015663,106.260002
07-01-15,115.1501525,107.75
08-01-15,115.2182485,111.889999
09-01-15,114.9778993,112.010002
12-01-15,114.5904784,109.25
13-01-15,114.3344881,110.220001
14-01-15,114.2728161,109.800003
15-01-15,114.4688958,106.82
16-01-15,114.9610789,105.989998
20-01-15,115.5596944,108.720001
21-01-15,115.9265927,109.550003
22-01-15,115.9415085,112.400002
23-01-15,115.5356439,112.980003
26-01-15,114.9273843,113.099998
27-01-15,114.3978018,109.139999
28-01-15,114.3302303,115.309998
29-01-15,114.4726515,118.900002
30-01-15,114.7388442,117.160004
02-02-15,115.1545174,118.629997
03-02-15,115.4870264,118.650002
04-02-15,115.6449009,119.559998
05-02-15,115.5559135,119.940002
06-02-15,115.2852203,118.93
09-02-15,115.0153038,119.720001
10-02-15,114.8317768,122.019997
11-02-15,114.7561413,124.879997
12-02-15,114.7700153,126.459999
13-02-15,114.8760456,127.080002
17-02-15,115.0541474,127.830002
18-02-15,115.2345493,128.720001
19-02-15,115.3451197,128.449997
20-02-15,115.3889216,129.5
23-02-15,115.3276972,133
24-02-15,115.1018338,132.169998
25-02-15,114.9218099,128.789993
26-02-15,114.9918249,130.419998
27-02-15,115.1778909,128.460007
02-03-15,115.527673,129.089996
03-03-15,115.8552671,129.360001
04-03-15,116.0496574,128.539993
05-03-15,116.0919357,126.410004
06-03-15,116.0577954,126.599998
09-03-15,115.9348154,127.139999
10-03-15,115.7799913,124.510002
11-03-15,115.7957473,122.239998
12-03-15,116.0330351,124.449997
13-03-15,116.2723281,123.589996
16-03-15,116.5209062,124.949997
17-03-15,116.6228564,127.040001
18-03-15,116.5051071,128.470001
19-03-15,116.2301142,127.5
20-03-15,116.0067418,125.900002
23-03-15,115.9920671,127.209999
24-03-15,116.1204506,126.690002
25-03-15,116.4095,123.379997
26-03-15,116.8886751,124.239998
27-03-15,117.2669213,123.25
30-03-15,117.4744032,126.370003
31-03-15,117.2926696,124.43
01-04-15,116.9832509,124.25
02-04-15,116.6605261,125.32
06-04-15,116.4287759,127.349998
07-04-15,116.3424973,126.010002
08-04-15,116.5618726,125.599998
09-04-15,117.0003502,126.559998
10-04-15,117.4455094,127.099998
13-04-15,117.7355438,126.849998
14-04-15,117.7986517,126.300003
15-04-15,117.6523141,126.779999
16-04-15,117.3485917,126.169998
17-04-15,117.0764412,124.75
20-04-15,117.0164888,127.599998
21-04-15,117.0508433,126.910004
22-04-15,117.2882459,128.619995
23-04-15,117.5585578,129.669998
24-04-15,117.7695828,130.279999
27-04-15,117.8572008,132.649994
28-04-15,117.7232268,130.559998
29-04-15,117.5972695,128.639999
30-04-15,117.5849551,125.150002
01-05-15,117.8190866,128.949997
04-05-15,117.9608513,128.699997
05-05-15,118.0862445,125.800003
06-05-15,118.289725,125.010002
07-05-15,118.4683574,125.260002
08-05-15,118.5382152,127.620003
11-05-15,118.3936672,126.32
12-05-15,118.2428335,125.870003
13-05-15,118.1559327,126.010002
14-05-15,118.1714702,128.949997
15-05-15,118.1742436,128.770004
18-05-15,118.2736433,130.190002
19-05-15,118.3814177,130.070007
20-05-15,118.518913,130.059998
21-05-15,118.6487261,131.389999
22-05-15,118.6799224,132.539993
26-05-15,118.6082654,129.619995
27-05-15,118.6484952,132.039993
28-05-15,118.6175244,131.779999
29-05-15,118.6288146,130.279999
01-06-15,118.760136,130.539993
02-06-15,118.9256269,129.960007
03-06-15,119.1126524,130.119995
04-06-15,119.24292,129.360001
05-06-15,119.3251655,128.649994
08-06-15,119.3600432,127.800003
09-06-15,119.3757775,127.419998
10-06-15,119.3823124,128.880005
11-06-15,119.3204893,128.589996
12-06-15,119.2946677,127.169998
15-06-15,119.3959878,126.919998
16-06-15,119.5746623,127.599998
17-06-15,119.7392819,127.300003
18-06-15,119.8787343,127.879997
19-06-15,119.9219337,126.599998
22-06-15,119.9528467,127.610001
23-06-15,119.8955673,127.029999
24-06-15,119.8550645,128.110001
25-06-15,119.8018434,127.5
26-06-15,119.8417779,126.75
29-06-15,119.9979594,124.529999
30-06-15,120.3132559,125.43
01-07-15,120.5673793,126.599998
02-07-15,120.6487126,126.440002
06-07-15,120.5915995,126
07-07-15,120.4607341,125.690002
08-07-15,120.3356704,122.57
09-07-15,120.4362577,120.07
10-07-15,120.7720807,123.279999
13-07-15,120.9816258,125.660004
14-07-15,120.9860583,125.610001
15-07-15,120.8856348,126.82
16-07-15,120.6848683,128.509995
17-07-15,120.4460414,129.619995
20-07-15,120.2893835,132.070007
21-07-15,120.2186895,130.75
22-07-15,120.4206028,125.220001
23-07-15,121.0634996,125.160004
24-07-15,121.7353493,124.5
27-07-15,122.211305,122.769997
28-07-15,122.3843762,123.379997
29-07-15,122.1206481,122.989998
30-07-15,121.5985104,122.370003
31-07-15,121.0801056,121.300003
03-08-15,118.440002,118.440002
04-08-15,118.3274908,114.639999
05-08-15,118.4385231,115.400002
06-08-15,118.5509313,115.129997
07-08-15,118.6667914,115.519997
10-08-15,118.7087171,119.720001
11-08-15,118.3454387,113.489998
12-08-15,118.3552835,115.239998
13-08-15,118.2419759,115.150002
14-08-15,118.106915,115.959999
17-08-15,117.8830748,117.160004
18-08-15,117.5357041,116.5
19-08-15,117.2244845,115.010002
20-08-15,117.0647911,112.650002
21-08-15,117.1687436,105.760002
24-08-15,117.9687069,103.120003
25-08-15,119.1211523,103.739998
26-08-15,120.1765768,109.690002
27-08-15,120.4349062,112.919998
28-08-15,119.9845248,113.290001
31-08-15,119.1283943,112.760002
01-09-15,118.1166896,107.720001
02-09-15,117.5415678,112.339996
03-09-15,116.7187764,110.370003
04-09-15,116.2001442,109.269997
08-09-15,115.9892532,112.309998
09-09-15,115.7164332,110.150002
10-09-15,115.7522275,112.57
11-09-15,115.6966534,114.209999
14-09-15,115.5280799,115.309998
15-09-15,115.2549559,116.279999
16-09-15,114.8859325,116.410004
17-09-15,114.5073518,113.919998
18-09-15,114.3741671,113.449997
21-09-15,114.3666661,115.209999
22-09-15,114.2708868,113.400002
23-09-15,114.3331026,114.32
24-09-15,114.3321183,115
25-09-15,114.2440226,114.709999
28-09-15,114.1333222,112.440002
29-09-15,114.181487,109.059998
30-09-15,114.5242185,110.300003
01-10-15,114.7645119,109.580002
02-10-15,114.9882534,110.379997
05-10-15,115.0372271,110.779999
06-10-15,114.9176257,111.309998
07-10-15,114.6295514,110.779999
08-10-15,114.2984555,109.5
09-10-15,114.0491344,112.120003
12-10-15,113.5921858,111.599998
13-10-15,113.1844087,111.790001
14-10-15,112.8167259,110.209999
15-10-15,112.6626196,111.860001
16-10-15,112.4688158,111.040001
19-10-15,112.400129,111.730003
20-10-15,112.3263394,113.769997
21-10-15,112.0984596,113.760002
22-10-15,111.853991,115.5
23-10-15,111.4675195,119.080002
26-10-15,110.792873,115.279999
27-10-15,110.4289393,114.550003
28-10-15,110.2458307,119.269997
29-10-15,109.8065755,120.529999
30-10-15,109.3133092,119.5
02-11-15,108.9639666,121.18
03-11-15,108.5917895,122.57
04-11-15,108.2026891,122
05-11-15,107.9393698,120.919998
06-11-15,107.8575269,121.059998
09-11-15,107.8622491,120.57
10-11-15,107.961482,116.769997
11-11-15,108.3800417,116.110001
12-11-15,108.8715904,115.720001
13-11-15,109.3329545,112.339996
16-11-15,109.9408543,114.18
17-11-15,110.2537402,113.690002
18-11-15,110.3790847,117.290001
19-11-15,109.9952416,118.779999
20-11-15,109.2753652,119.300003
23-11-15,108.395743,117.75
24-11-15,107.6422264,118.879997
25-11-15,106.9315664,118.029999
27-11-15,106.4558453,117.809998
30-11-15,106.2048157,118.300003
01-12-15,106.1094083,117.339996
02-12-15,106.2317179,116.279999
03-12-15,106.5384663,115.199997
04-12-15,106.9729759,119.029999
07-12-15,107.0829078,118.279999
08-12-15,107.1103857,118.230003
09-12-15,107.0187248,115.620003
10-12-15,107.0254715,116.169998
11-12-15,106.9378969,113.18
14-12-15,107.0285958,112.480003
15-12-15,107.1596529,110.489998
16-12-15,107.4176593,111.339996
17-12-15,107.5624946,108.980003
18-12-15,107.8083462,106.029999
21-12-15,108.2267121,107.330002
22-12-15,108.4539129,107.230003
23-12-15,108.5395398,108.610001
24-12-15,108.3527489,108.029999
28-12-15,108.0652255,106.82
29-12-15,107.7957979,108.739998
30-12-15,107.3421518,107.32
31-12-15,106.9965305,105.260002
04-01-16,106.8829417,105.349998
05-01-16,106.8530283,102.709999
06-01-16,107.1135511,100.699997
07-01-16,107.6104068,96.449997
08-01-16,108.509326,96.959999
11-01-16,109.322163,98.529999
12-01-16,109.7968408,99.959999
13-01-16,109.8455941,97.389999
14-01-16,109.833789,99.519997
15-01-16,109.4180484,97.129997
19-01-16,109.0521156,96.660004
20-01-16,108.6835703,96.790001
21-01-16,108.3117194,96.300003
22-01-16,108.0272079,101.419998
25-01-16,107.3358687,99.440002
26-01-16,106.8379033,99.989998
27-01-16,106.4043283,93.419998
28-01-16,106.7143343,94.089996
29-01-16,107.1688336,97.339996
01-02-16,107.3802911,96.43
02-02-16,107.5963044,94.480003
03-02-16,107.9050689,96.349998
04-02-16,107.9407747,96.599998
05-02-16,107.8015099,94.019997
08-02-16,107.7821617,95.010002
09-02-16,107.6122369,94.989998
10-02-16,107.3795787,94.269997
11-02-16,107.1798165,93.699997
12-02-16,107.0351289,93.989998
16-02-16,106.8796148,96.639999
17-02-16,106.4816554,98.120003
18-02-16,105.9270162,96.260002
19-02-16,105.5568138,96.040001
22-02-16,105.2999379,96.879997
23-02-16,105.0660392,94.690002
24-02-16,105.1150932,96.099998
25-02-16,105.1257874,96.760002
26-02-16,105.0956674,96.910004
29-02-16,105.03737,96.690002
01-03-16,104.9737976,100.529999
02-03-16,104.5371082,100.75
03-03-16,104.0134063,101.5
04-03-16,103.424051,103.010002
07-03-16,102.7574137,101.870003
08-03-16,101.029999,101.029999
09-03-16,100.9563388,101.120003
10-03-16,100.9283414,101.169998
11-03-16,100.8814592,102.260002
14-03-16,101.1132828,102.519997
15-03-16,101.1048696,104.580002
16-03-16,101.4671161,105.970001
17-03-16,101.7715855,105.800003
18-03-16,101.4314203,105.919998
21-03-16,101.2126305,105.910004
22-03-16,101.3144682,106.720001
23-03-16,101.5612129,106.129997
24-03-16,101.2463233,105.669998
28-03-16,100.8907236,105.190002
29-03-16,100.8452131,107.68
30-03-16,101.6323804,109.559998
31-03-16,102.0780084,108.989998
01-04-16,101.3942612,109.989998
04-04-16,101.3414001,111.120003
05-04-16,101.9460707,109.809998
06-04-16,101.5187716,110.959999
07-04-16,101.3929361,108.540001
08-04-16,100.9077112,108.660004
11-04-16,100.9006166,109.019997
12-04-16,101.1751434,110.440002
13-04-16,101.4582837,112.040001
14-04-16,101.6417116,112.099998
15-04-16,101.4182689,109.849998
18-04-16,100.6354355,107.480003
19-04-16,100.0288452,106.910004
20-04-16,100.2043794,107.129997
21-04-16,100.4923767,105.970001
22-04-16,99.97286652,105.68
25-04-16,99.64432401,105.080002
26-04-16,99.68343711,104.349998
27-04-16,99.55976007,97.82
28-04-16,97.58619638,94.830002
29-04-16,96.66975587,93.739998
02-05-16,97.32851725,93.639999
03-05-16,97.67344119,95.18
04-05-16,97.65774574,94.190002
05-05-16,97.10286323,93.239998
06-05-16,96.74207498,92.720001
09-05-16,96.8012541,92.790001
10-05-16,96.92127705,93.419998
11-05-16,96.98342892,92.510002
12-05-16,96.55709479,90.339996
13-05-16,95.77120644,90.519997
16-05-16,95.97008324,93.879997
17-05-16,97.33918426,93.489998
18-05-16,97.0133733,94.559998
19-05-16,96.48475189,94.199997
20-05-16,96.50731119,95.220001
23-05-16,97.00753969,96.43
24-05-16,97.25473447,97.900002
25-05-16,97.31888411,99.620003
26-05-16,97.60266429,100.410004
27-05-16,97.71340989,100.349998
31-05-16,97.45296306,99.860001
01-06-16,97.17116258,98.459999
02-06-16,96.83030992,97.720001
03-06-16,96.67619279,97.919998
06-06-16,96.82738055,98.629997
07-06-16,97.0223595,99.029999
08-06-16,96.96293423,98.940002
09-06-16,96.74578091,99.650002
10-06-16,96.89690217,98.830002
13-06-16,96.69832118,97.339996
14-06-16,96.09319296,97.459999
15-06-16,96.15008227,97.139999
16-06-16,96.30384039,97.550003
17-06-16,96.28742025,95.330002
20-06-16,95.47616617,95.099998
21-06-16,95.32841235,95.910004
22-06-16,95.9286649,95.550003
23-06-16,95.8029031,96.099998
24-06-16,95.53673672,93.400002
27-06-16,94.74774756,92.040001
28-06-16,94.39320692,93.589996
29-06-16,95.19672724,94.400002
30-06-16,95.53553048,95.599998
